State,aaa,Average
"Posting Question",6,2
"post Answer",7,7.6666666666667
Question,11,3.6666666666667
"Post Tag",10,3.3333333333333
Search,5,9.3333333333333
